herkomst,doel,e-nummer,naam,opmerkingen,kleur,soort
Extractie uit geelwortel (Curcuma longa),Gele kleurstof,E100,Curcumine,,GROEN,Kleurstoffen
Verschillende soorten gisten,Gele kleurstof,E101,Riboflavine,Andere naam: vitamine B2,GROEN,Kleurstoffen
Synthetisch,Gele kleurstof,E102,Tartrazine,"De ADI is tot 7,5 mg/kg lichaamsgewicht. Kan overgevoeligheidsreacties geven bij een kleine groep mensen.",ROOD,Kleurstoffen
Wortel van de alkanet (Alkanna tinctoria),Gele kleurstof,E103,Alkannine,Sinds 1984 verboden,ROOD,Kleurstoffen
Synthetisch,Gele kleurstof,E104,Chinolinegeel,,ROOD,Kleurstoffen
Verschillende soorten gisten,Gele kleurstof,E106,natriumriboflavine-5'-fosfaat,,ROOD,Kleurstoffen
Synthetisch,Gele kleurstof,E107,Geel 2G,,ROOD,Kleurstoffen
Synthetisch,Gele kleurstof,E110,Zonnegeel FCF,,ROOD,Kleurstoffen
Een schildluizensoort,Rode kleurstof,E120,Cochenille,,ROOD,Kleurstoffen
,Rode kleurstof,E121,Citrusrood 2,"Carcinogeen, wordt in de EU niet meer toegelaten",ROOD,Kleurstoffen
Synthetisch,Rode kleurstof,E122,Karmozijnrood,,ROOD,Kleurstoffen
Synthetisch,Rode kleurstof,E123,Amaranth,,ROOD,Kleurstoffen
Synthetisch,Rode kleurstof,E124,Cochenillerood A,,ROOD,Kleurstoffen
,,E125,Ponceau SX,,ROOD,Kleurstoffen
Synthetisch,Rode kleurstof,E127,Erythrosine,,ROOD,Kleurstoffen
Synthetisch,Rode kleurstof,E128,Rood 2G,,ROOD,Kleurstoffen
Synthetisch,Rode kleurstof,E129,Allura rood,,ROOD,Kleurstoffen
Synthetisch,Blauwe kleurstof,E131,Patentblauw V,,ROOD,Kleurstoffen
Synthetisch,Blauwe kleurstof,E132,Indigotine,,ROOD,Kleurstoffen
Synthetisch,Blauwe kleurstof,E133,Briljantblauw FCF,,ROOD,Kleurstoffen
"Natuurlijke kleurstof, bladgroen",Donkergroene kleurstof,E140,Chlorofyl,,GROEN,Kleurstoffen
Semi-synthetische,Donkergroene kleurstof,E141,Chlorofyl koper complexen,,ORANJE,Kleurstoffen
Synthetisch,Groene kleurstof,E142,Briljantzuurgroen BS,,ROOD,Kleurstoffen
,Groene kleurstof,E143,Fast Green FCF,,ROOD,Kleurstoffen
Gebrande suiker,Bruine kleurstof,E150a,Karamelkleurstof,,ORANJE,Kleurstoffen
Gebrande suiker,Bruine kleurstof,E150b,Alkali-sulfietkaramel,,ORANJE,Kleurstoffen
Gebrande suiker,Bruine kleurstof,E150c,Ammoniakkaramel,,ORANJE,Kleurstoffen
Gebrande suiker,Bruine kleurstof,E150d,Sulfiet-ammoniakkaramel,,ORANJE,Kleurstoffen
Synthetisch,Zwarte kleurstof,E151,Briljantzwart BN,,ROOD,Kleurstoffen
Semi-natuurlijke kleurstof,Zwarte kleurstof,E153,Koolstof,,ORANJE,Kleurstoffen
Synthetisch,Bruine kleurstof,E154,Bruin FK,,ROOD,Kleurstoffen
Synthetisch,Bruine kleurstof,E155,Chocoladebruin HT,,ROOD,Kleurstoffen
Diverse plantaardige bronnen/synthetisch,Oranje/gele kleurstof,E160a,Caroteen,,ORANJE,Kleurstoffen
De tropische anattoboom (Bixa orellana),Oranje/gele kleurstof,E160b,Annatto,,ORANJE,Kleurstoffen
Paprika’s,Oranje-rode kleurstof,E160c,Paprika extract,,GROEN,Kleurstoffen
Tomaten,Rode kleurstof,E160d,Lycopeen,"Indien genetisch gemodificeerd oranje, anders groen.",ORANJE,Kleurstoffen
Synthetisch uit ß-caroteen,Oranje kleurstof,E160e,Beta-apo-8'-carotenal,,GROEN,Kleurstoffen
Synthetisch uit ß-caroteen,Oranje kleurstof,E160f,Ethylester van beta-apo-8'-caroteenzuur,,GROEN,Kleurstoffen
Verschillende plantaardige bronnen of synthetisch,"Gele, oranje tot rode kleurstoffen",E161,Xanthophyllen,,GROEN,Kleurstoffen
Natuurlijk uit boterbloem,Gele kleurstof,E161a,Flavoxanthine,Verboden in Zwitserland.,GROEN,Kleurstoffen
Natuurlijk,Gele kleurstof,E161b,Luteïne,,GROEN,Kleurstoffen
Natuurlijk,Gele kleurstof,E161c,Kryptoxanthine,Verboden in Zwitserland.,GROEN,Kleurstoffen
Natuurlijk uit rozen of rozenbottel,Oranjerode kleurstof,E161d,Rubixanthine,Carotenoïde.,GROEN,Kleurstoffen
Natuurlijk uit viooltjes,Oranje kleurstof,E161e,Violoxanthine,Carotenoïde.,GROEN,Kleurstoffen
Natuurlijk uit Taxus,Paarse kleurstof,E161f,Rodhoxanthine,Carotenoïde.,GROEN,Kleurstoffen
"Meestal synthetisch, soms natuurlijk",Gele kleurstof,E161g,Canthaxanthine,Carotenoïde. Wordt toegevoegd aan kippenvoer om eidooiers geler te maken.,ROOD,Kleurstoffen
"Meestal synthetisch, soms natuurlijk",Gele kleurstof,E161h,Canthaxanthine,Carotenoïde. Wordt toegevoegd aan kippenvoer om eidooiers geler te maken.,ROOD,Kleurstoffen
"Meestal synthetisch, soms natuurlijk",Oranje kleurstof,E161i,Citranaxanthine,Carotenoïde. De synthetische variant wordt vaak aan kippenvoer toegevoegd.,ROOD,Kleurstoffen
"Meestal synthetisch, soms natuurlijk uit algen",Astaxanthine,E161j,Astaxanthine,Carotenoïde. Als additief vaak synthetisch. Gebruikt om zalm roze te kleuren.,ROOD,Kleurstoffen
Rode bieten,Rood/paarse kleurstof,E162,Bietenrood,,GROEN,Kleurstoffen
Rode kool en andere planten,"Rode, paarse of blauwe kleurstoffen",E163,Anthocyaninen,,GROEN,Kleurstoffen
"Mineraal, kalk",Witte kleurstof,E170,Calcium carbonaat,,GROEN,Kleurstoffen
Mineraal,Witte kleurstof,E171,Titanium dioxide,,ORANJE,Kleurstoffen
Ertsen of mineralen,"zwarte, rode, oranje of bruine kleurstof",E172,IJzeroxiden,,GROEN,Kleurstoffen
Bauxieterts,Metaalkleurige kleurstof,E173,Aluminium,,ROOD,Kleurstoffen
Zilverertsen,Metaalkleurige kleurstof,E174,Zilver,,ROOD,Kleurstoffen
Verschillende ertsen,Metaalkleurige kleurstof,E175,Goud,,ROOD,Kleurstoffen
Synthetische uit aminonaftolcarbonzuur,Rode kleurstof,E180,Rubis pigment,,ROOD,Kleurstoffen
"Diverse planten, oa de eik",Geelwit tot bruin poeder,E181,Looizuur,,ROOD,Kleurstoffen
,,E182,"Orchil, orceine (lakmoes)",,ROOD,Kleurstoffen
Lijsterbes,Conserveermiddel tegen schimmels en gisten,E200,Sorbinezuur,Kan huidirritatie veroorzaken.,ROOD,Conserveermiddelen / Voedingszuren
Lijsterbes,Conserveermiddel,E201,Natriumsorbaat,Vergelijkbaar met E200,ROOD,Conserveermiddelen / Voedingszuren
Lijsterbes,Conserveermiddel,E202,Kaliumsorbaat,Vergelijkbaar met E200,ROOD,Conserveermiddelen / Voedingszuren
Lijsterbes,Conserveermiddel,E203,Calcium sorbaat,Vergelijkbaar met E200,ROOD,Conserveermiddelen / Voedingszuren
Synthetisch,Conserveermiddel tegen schimmels en bacteriën,E210,Benzoezuur,,ROOD,Conserveermiddelen / Voedingszuren
Synthetisch,Conserveermiddel tegen gisten en bacteriën,E211,Natriumbenzoaat,,ROOD,Conserveermiddelen / Voedingszuren
Synthetisch,Conserveermiddel tegen gisten en bacteriën,E212,Kaliumbenzoaat,,ROOD,Conserveermiddelen / Voedingszuren
Synthetisch,Conserveermiddel tegen gisten en bacteriën,E213,Calciumbenzoaat,,ROOD,Conserveermiddelen / Voedingszuren
Synthetisch,"Conserveermiddel tegen gisten, schimmels, bacteriën",E214,Ethyl 4-hydroxibenzoaat,,ROOD,Conserveermiddelen / Voedingszuren
Synthetisch,"Conserveermiddel tegen gisten, schimmels, bacteriën",E215,Ethyl 4-hydroxibenzoaat natriumzout,,ROOD,Conserveermiddelen / Voedingszuren
Synthetisch,"Conserveermiddel tegen gisten, schimmels, bacteriën",E216,Propyl 4-hydroxibenzoaat,,ROOD,Conserveermiddelen / Voedingszuren
Synthetisch,"Conserveermiddel tegen gisten, schimmels, bacteriën",E217,Propyl 4-hydroxibenzoaat natriumzout,,ROOD,Conserveermiddelen / Voedingszuren
Synthetisch,Conserveermiddel tegen gisten en schimmels,E218,Methyl 4-hydroxibenzoaat,,ROOD,Conserveermiddelen / Voedingszuren
Synthetisch,Conserveermiddel tegen gisten en schimmels,E219,Methyl 4-hydroxibenzoaat natriumzout,,ROOD,Conserveermiddelen / Voedingszuren
Natuurlijk voorkomend gas,"Conserveermiddel, bleekmiddel, deegverbeteraar",E220,Zwaveldioxide,,ROOD,Conserveermiddelen / Voedingszuren
Synthetisch,"Tegen micro-organismen, Antioxidant, deegverbeteren",E221,Natriumsulfiet,,ROOD,Conserveermiddelen / Voedingszuren
Synthetisch,"Conserveermiddel, Antioxidant, bleekmiddel",E222,Natriumbisulfiet,,ROOD,Conserveermiddelen / Voedingszuren
Synthetisch,"Conserveermiddel, Antioxidant, bleekmiddel",E223,Natriummetabisulfiet,,ROOD,Conserveermiddelen / Voedingszuren
Synthetisch,Conserveermiddel tegen micro-organismen,E224,Kaliummetabisulfiet,,ROOD,Conserveermiddelen / Voedingszuren
Synthetisch,Conserveermiddel,E225,Kaliumsulfiet,,ROOD,Conserveermiddelen / Voedingszuren
Synthetisch,Conserveermiddel,E226,Calciumsulfiet,,ROOD,Conserveermiddelen / Voedingszuren
Synthetisch,Conserveermiddel,E227,Calciumbisulfiet,,ROOD,Conserveermiddelen / Voedingszuren
Synthetisch,Conserveermiddel tegen micro-organismen,E228,Kaliumbisulfiet,,ROOD,Conserveermiddelen / Voedingszuren
Synthetisch,Conserveermiddel tegen schimmels,E230,Biphenyl,,ROOD,Conserveermiddelen / Voedingszuren
Synthetisch,Conserveermiddel tegen schimmels en bacteriën,E231,2-Hydroxibiphenyl,,ROOD,Conserveermiddelen / Voedingszuren
Synthetisch,Conserveermiddel tegen schimmels,E232,Natrium-ortho-fenylfenolaat,,ROOD,Conserveermiddelen / Voedingszuren
Synthetisch,Conserveermiddel tegen schimmels,E233,Thiabendazol,,ROOD,Conserveermiddelen / Voedingszuren
Geproduceerd door Lactococcus lactis,Conserveermiddel tegen schimmels en bacteriën,E234,Nisine,,ORANJE,Conserveermiddelen / Voedingszuren
Geproduceerd door de schimmel Streptomyces,"Conserveermiddel, vooral tegen schimmels",E235,Pimaricine,,ROOD,Conserveermiddelen / Voedingszuren
Natuurlijk voorkomend,"Conserveermiddel tegen bacteriën, smaakversterker",E236,Mierenzuur,,ROOD,Conserveermiddelen / Voedingszuren
Synthetisch,Conserveermiddel tegen bacteriën,E237,Natriumformiaat,,ROOD,Conserveermiddelen / Voedingszuren
Synthetisch,Conserveermiddel tegen bacteriën,E238,Calciumformiaat,,ROOD,Conserveermiddelen / Voedingszuren
Synthetisch,Conserveermiddel tegen schimmels,E239,Hexamine,,ROOD,Conserveermiddelen / Voedingszuren
Synthetisch,Ontsmettingsmiddel tegen bacteriën,E240,Formaldehyde,,ROOD,Conserveermiddelen / Voedingszuren
Synthetisch,Steriliseren van koude frisdranken,E242,Dimethyldicarbonaat,,ROOD,Conserveermiddelen / Voedingszuren
Natuurlijk,"Tegen botulisme, voorkomt bruinkleuring van vlees",E249,Kaliumnitriet,,ROOD,Conserveermiddelen / Voedingszuren
Natuurlijk,"Tegen botulisme, voorkomt bruinkleuring van vlees",E250,Natriumnitriet,,ROOD,Conserveermiddelen / Voedingszuren
Natuurlijk,"Tegen bacteriën, voorkomt bruinkleuring van vlees",E251,Natriumnitraat,,ROOD,Conserveermiddelen / Voedingszuren
Natuurlijk,"Tegen botulisme, voorkomt bruinkleuring van vlees",E252,Kaliumnitraat,,ROOD,Conserveermiddelen / Voedingszuren
Natuurlijk,"Tegen bacteriën, smaakstof",E260,Azijnzuur,,ORANJE,Conserveermiddelen / Voedingszuren
Synthetisch,Voorkomt verkleuring van voedingswaren,E261,Natriumacetaat,,ORANJE,Conserveermiddelen / Voedingszuren
Synthetisch,Conserveermiddel tegen schimmels en bacteriën,E262,Natriumdiacetaat,,ORANJE,Conserveermiddelen / Voedingszuren
Synthetisch,"Conserveermiddel tegen bacteriën, stabilisator",E263,Calciumacetaat,,GROEN,Conserveermiddelen / Voedingszuren
Synthetisch,"Conserveermiddel tegen bacteriën, stabilisator",E264,Ammoniumacetaat,,ROOD,Conserveermiddelen / Voedingszuren
Natuurlijk,"Conserveermiddel tegen gisten, smaakstof",E270,Melkzuur,,ORANJE,Conserveermiddelen / Voedingszuren
Synthetisch,Conserveermiddel tegen enkele soorten schimmels,E280,Propionzuur,,ORANJE,Conserveermiddelen / Voedingszuren
Synthetisch,Conserveermiddel tegen 3 soorten schimmels,E281,Natrium propionaat,,ORANJE,Conserveermiddelen / Voedingszuren
Synthetisch,Conserveermiddel tegen 3 soorten schimmels,E282,Calcium propionaat,,ORANJE,Conserveermiddelen / Voedingszuren
Synthetisch,Conserveermiddel tegen schimmels,E283,Kalium propionaat,,ORANJE,Conserveermiddelen / Voedingszuren
Synthetisch,Conserveermiddel,E284,Boorzuur,,ROOD,Conserveermiddelen / Voedingszuren
Synthetisch,Conserveermiddel,E285,Natriumtetraboraat,,ROOD,Conserveermiddelen / Voedingszuren
Natuurlijk voorkomend gas,"Conserveermiddel, koelmiddel, “prik” in limonade",E290,Koolzuurgas,,GROEN,Conserveermiddelen / Voedingszuren
Synthetisch/natuurlijk,Voedingszuur,E296,Appelzuur,Kan GM zijn,GROEN,Conserveermiddelen / Voedingszuren
Synthetisch,Voedingszuur,E297,Fumaarzuur,,GROEN,Conserveermiddelen / Voedingszuren
Natuurlijk voorkomend,"Vitamine, Antioxidant, voorkomt bruinkleuring",E300,Ascorbinezuur,,GROEN,Antioxidanten
Synthetisch uit ascorbinezuur en keukenzout,"Vitamine, Antioxidant, voorkomt bruinkleuring",E301,Natriumascorbaat,,GROEN,Antioxidanten
Synthetisch uit ascorbinezuur en calcium,"Antioxidant, stabilisator en als vitamine C",E302,Calciumascorbaat,,GROEN,Antioxidanten
Synthetisch,Antioxidant tegen het ranzig worden van vetten,E304,Ascorbyl-palmitaat,,GROEN,Antioxidanten
Natuurlijk,Vitamine en Antioxidant,E306,Tocoferol-extracten,,GROEN,Antioxidanten
Natuurlijk of synthetisch,Vitamine en Antioxidant,E307,alpha-tocopherol,,GROEN,Antioxidanten
Natuurlijk of synthetisch,Vitamine en Antioxidant,E308,gamma-tocopherol,,GROEN,Antioxidanten
Natuurlijk of synthetisch,Vitamine en Antioxidant,E309,delta-tocopherol,,GROEN,Antioxidanten
Synthetisch,Antioxidant,E310,Propylgallaat,,ROOD,Antioxidanten
Synthetisch,Antioxidant,E311,Octylgallaat,,ROOD,Antioxidanten
Synthetisch,Antioxidant,E312,Dodecylgallaat,,ROOD,Antioxidanten
Synthetisch,Antioxidant,E315,Erythorbinezuur,Synthetische vitamine C met slechts 1/20 van de werkzaamheid,ORANJE,Antioxidanten
Synthetisch,Antioxidant,E316,Natriumerythorbaat,Synthetische vitamine C met slechts 1/20 van de werkzaamheid,ORANJE,Antioxidanten
Synthetisch,Antioxidant,E319,Butylhydrochinon,Toegepast in in oliën en vetten.,ORANJE,Antioxidanten
Synthetisch,Antioxidant,E320,BHA – Butylhydroxianisool,,ROOD,Antioxidanten
Synthetisch,Antioxidant,E321,BHT – Butylhydroxitolueen,Hormoonverstorende effecten vastgesteld.,ROOD,Antioxidanten
Natuurlijk,"Antioxidant, emulgator of anti-schuimmiddel",E322,Lecithine,Wordt vaak uit soja gewonnen dmv hexaan,GROEN,Antioxidanten
Synthetisch,Vochtbinder,E325,Natriumlactaat,,ORANJE,Antioxidanten
Synthetisch,Zout van melkzuur,E326,Kaliumlactaat,,ORANJE,Antioxidanten
Synthetisch,Zout van melkzuur,E327,Calciumlactaat,,ORANJE,Antioxidanten
,Natuurlijk zuur,E330,Citroenzuur,,GROEN,Antioxidanten
,Semi-synthetisch zout van citroenzuur (E330),E331a,Natriumwatrestofcitraat,,GROEN,Antioxidanten
,Semi-synthetisch zout van citroenzuur (E330),E331b,Dinatriumcitraat,,GROEN,Antioxidanten
,Semi-synthetisch zout van citroenzuur (E330),E331c,Trinatriumcitraat,,GROEN,Antioxidanten
,Semi-synthetisch zout van citroenzuur (E330),E332a,Kaliumdiwaterstofcitraat,,ORANJE,Antioxidanten
,Semi-synthetisch zout van citroenzuur (E330),E332b,Trikaliumcitraat,,ORANJE,Antioxidanten
,Semi-synthetisch zout van citroenzuur (E330),E333a,Calciumwaterstofcitraat,,ORANJE,Antioxidanten
,Semi-synthetisch zout van citroenzuur (E330),E333b,Di-calciumcitraat,,ORANJE,Antioxidanten
,Semi-synthetisch zout van citroenzuur (E330),E333c,Calciumcitraat,,ORANJE,Antioxidanten
,Natuurlijk zuur,E334,Wijnsteenzuur,,GROEN,Antioxidanten
,Semi-synthetisch zout van wijnsteenzuur (E334),E335a,Natriumwaterstoftartraat,,GROEN,Antioxidanten
,Semi-synthetisch zout van wijnsteenzuur (E334),E335b,Dinatriumtartraat,,GROEN,Antioxidanten
,Semi-synthetisch zout van wijnsteenzuur (E334),E336a,Kaliumwaterstoftartraat,,GROEN,Antioxidanten
,Semi-synthetisch zout van wijnsteenzuur (E334),E336b,Kaliumtartraat,,GROEN,Antioxidanten
,Semi-synthetisch zout van wijnsteenzuur (E334),E337,Natriumkaliumtartraat,,GROEN,Antioxidanten
,"Natuurlijk zuur, synthetisch bereid",E338,Fosforzuur,,ORANJE,Antioxidanten
,Zout van fosforzuur (E338),E339a,Natriumdiwaterstoffosfaat,,ORANJE,Antioxidanten
,Zout van fosforzuur (E338),E339b,Dinatriumwaterstoffosfaat,,ORANJE,Antioxidanten
,Zout van fosforzuur (E338),E339c,Trinatriumfosfaat,,ORANJE,Antioxidanten
,Zout van fosforzuur (E338),E340a,Kaliumdiwaterstoffosfaat,,ORANJE,Antioxidanten
,Zout van fosforzuur (E338),E340b,Dikaliumwaterstoffosfaat,,ORANJE,Antioxidanten
,Zout van fosforzuur (E338),E340c,Trikaliumfosfaat,,ORANJE,Antioxidanten
,Zout van fosforzuur (E338),E341a,Monocalciumfosfaat,,ORANJE,Antioxidanten
,Zout van fosforzuur (E338),E341b,Calciumwaterstoffosfaat,,ORANJE,Antioxidanten
,Zout van fosforzuur (E338),E341c,Tricalciumdifosfaat,,ORANJE,Antioxidanten
,Zout van fosforzuur (E338),E343,Magnesiumfosfaat,,ORANJE,Antioxidanten
,Zout van appelzuur,E350,Natriummalaat en natriumwaterstofmalaat,,GROEN,Antioxidanten
,Zout van appelzuur,E351,Kaliummalaat en Kaliumwaterstofmalaat,,GROEN,Antioxidanten
,Zout van appelzuur,E352,Calciummalaat en Calciumwaterstofmalaat,,GROEN,Antioxidanten
,Natuurlijk zuur,E353,Metawijnsteenzuur,,GROEN,Antioxidanten
,Zout van wijnsteenzuur (E334),E354,Calciumtartraat,,GROEN,Antioxidanten
,Natuurlijk zuur,E355,Adipinezuur,,GROEN,Antioxidanten
,Natuurlijk zuur,E363,Barnsteenzuur,,ORANJE,Antioxidanten
,Synthetisch zuur,E370,"1,4-Heptonolacton",,ORANJE,Antioxidanten
,Semi-synthetisch zout van citroenzuur (E330),E380,Triammoniumcitraat,,ROOD,Antioxidanten
,Synthetisch zout van citroenzuur (E330),E381,Ammoniumijzercitraat,,ROOD,Antioxidanten
,synthetisch zout,E385,Calcium EDTA,,ROOD,Antioxidanten
,Verdikkingsmiddel,E400,Alginezuur,,GROEN,Emulgatoren
,Zout van Alginezuur (E400),E401,Natriumalginaat,,GROEN,Emulgatoren
,Zout van Alginezuur (E400),E402,Kaliumalginaat,,GROEN,Emulgatoren
,Zout van Alginezuur (E400),E403,Ammoniumalginaat,,GROEN,Emulgatoren
,Zout van Alginezuur (E400),E404,Calciumalginaat,,GROEN,Emulgatoren
,Ester van Alginezuur (E400),E405,Propyleenglycolalginaat,,ORANJE,Emulgatoren
Natuurlijk,Verdikkingsmiddel,E406,Agar-Agar,,ORANJE,Emulgatoren
Natuurlijk,Verdikkingsmiddel,E407,Carrageen,,ORANJE,Emulgatoren
Natuurlijk,Verdikkingsmiddel,E408,Furcelleran,,ORANJE,Emulgatoren
Natuurlijk,Verdikkingsmiddel,E410,Johannesbroodpitmeel,,ORANJE,Emulgatoren
Natuurlijk,Verdikkingsmiddel,E412,Gurapitmeel,,ORANJE,Emulgatoren
Natuurlijk,Verdikkingsmiddel,E413,Tragacanth,,ORANJE,Emulgatoren
Natuurlijk,Verdikkingsmiddel,E414,Arabische Gom,,ORANJE,Emulgatoren
Natuurlijk,Verdikkingsmiddel,E415,Xanthaangom,,ORANJE,Emulgatoren
Natuurlijk,Verdikkingsmiddel,E416,Karayagom,,ORANJE,Emulgatoren
Natuurlijk,Verdikkingsmiddel,E417,Taragom,,GROEN,Emulgatoren
Natuurlijk,Verdikkingsmiddel,E418,Gellangom,,ORANJE,Emulgatoren
,Natuurlijke suikeralcohol,E420,Sorbitol,,ORANJE,Emulgatoren
,Natuurlijke suikeralcohol,E421,Mannitol,,ROOD,Emulgatoren
,Natuurlijk alcohol,E422,Glycerol,,ORANJE,Emulgatoren
Vetzuren,Synthetische emulgator,E430,Polyoxyethyleen(8)stearaat,,ROOD,Emulgatoren
Vetzuren,Synthetische emulgator,E431,Polyoxyethyleen(40)stearaat,,ROOD,Emulgatoren
Vetzuren,Synthetische emulgator,E432,Tween 20,,ROOD,Emulgatoren
Vetzuren,Synthetische emulgator,E433,Polysorbaat 80,,ROOD,Emulgatoren
Vetzuren,Synthetische emulgator,E434,Tween 40,,ROOD,Emulgatoren
Vetzuren,Synthetische emulgator,E435,Tween 60,,ROOD,Emulgatoren
Vetzuren,Synthetische emulgator,E436,Tween 65,,ROOD,Emulgatoren
Natuurlijk,Verdikkingsmiddel,E440a,Pectine,,GROEN,Emulgatoren
Synthetisch,Bereid uit pectine,E440b,Geamineerde pectine,,GROEN,Emulgatoren
Natuurlijk,Verdikkingsmiddel,E441,Gelatine,,ROOD,Emulgatoren
Synthetisch,Synthetische emulgatoren,E442,Ammoniumfosfatiden,,ORANJE,Emulgatoren
Synthetisch,Stabilisator,E445,Clycerolester,,GROEN,Emulgatoren
Synthetisch,Zout,E450a,Dinatriumdiwaterstofdifosfaat,,ROOD,Emulgatoren
Synthetisch,Zout,E450a,Trinatriumdifosfaat,,ROOD,Emulgatoren
Synthetisch,Zout,E450a,Tetranatriumdifosfaat,,ROOD,Emulgatoren
Synthetisch,Zout,E450a,Tetrakaliumdifosfaat,,ROOD,Emulgatoren
Synthetisch,Zout,E450b,Pentanatriumtrifosfaat,,ROOD,Emulgatoren
Synthetisch,Zout,E450b,Pentakaliumtrifosfaat,,ROOD,Emulgatoren
Synthetisch,Zout,E450c,Natriumpolyfosfaat,,ROOD,Emulgatoren
Synthetisch,Zout,E450c,Kaliumpolyfosfaat,,ROOD,Emulgatoren
,Synthetische stabilisatoren,"E452, E452I-E452iv",Polyfosfaten,,ROOD,Emulgatoren
,"Natuurlijk polymeer, houtstof",E460,Microkristallijn Cellulose,,ROOD,Emulgatoren
,"Natuurlijk polymeer, houtstof",E460,Cellulose,,ROOD,Emulgatoren
,Bereid uit cellulose (E460),E461,Methylcellulose,,ROOD,Emulgatoren
,Bereid uit cellulose (E460),E463,Hydroxypropylcellulose,,ROOD,Emulgatoren
,Bereid uit cellulose (E460),E464,Hydroxypropylmethylcellulose,,ROOD,Emulgatoren
,Bereid uit cellulose (E460),E465,Methylethylcellulose,,ROOD,Emulgatoren
,Bereid uit cellulose (E460),E466,Natriumcarboxymethylcellulose,,ROOD,Emulgatoren
Vetzuren,Zouten van vetten,E470,Vetzuurzouten,,GROEN,Emulgatoren
Vetzuren,Soort vet,E471,Mono- en diglyceriden van vetzuren,,ROOD,Emulgatoren
Vetzuren,Synthetische emulgatoren,E472a,"Mono- en diglyceriden van vetzuren, veresterd met azijnzuur",,ROOD,Emulgatoren
Vetzuren,Synthetische emulgatoren,E472b,"Mono- en diglyceriden van vetzuren, veresterd met melkzuur",,ROOD,Emulgatoren
Vetzuren,Synthetische emulgatoren,E472c,"Mono- en diglyceriden van vetzuren, veresterd met citroenzuur",,ROOD,Emulgatoren
Vetzuren,Synthetische emulgatoren,E472d,"Mono- en diglyceriden van vetzuren, veresterd met wijnsteenzuur",,ROOD,Emulgatoren
Vetzuren,Synthetische emulgatoren,E472e,"Mono- en diglyceriden van vetzuren, veresterd met azijnzuurderivaten",,ROOD,Emulgatoren
Vetzuren,Synthetische emulgatoren,E472f,"Mono- en diglyceriden van vetzuren, veresterd met azijn- en wijnsteenzuur",,ROOD,Emulgatoren
Vetzuren,Synthetische emulgatoren,E473,Suiker-esters,,ROOD,Emulgatoren
Combinatie van suiker met vetzuren.,Synthetische emulgatoren,E474,Suikerglyceriden,,ROOD,Emulgatoren
Mengsel van melkzuur en stearinezuur,Synthetische emulgatoren,E481/482,Natrium/Calcium-stearoyllactylaat,,GROEN,Emulgatoren
Mengsel van wijnsteenzuur en stearinezuur,Synthetische emulgatoren,E483,Stearyltartraat,,GROEN,Emulgatoren
Mengsel van citroenzuur en stearinezuur,Synthetische emulgatoren,E484,Stearylcitraat,,ROOD,Emulgatoren
Vetzuren,Synthetische emulgatoren,E491-495,Verbindingen van sorbitol (een plantaardige stof) met diverse vetzuren,,ROOD,Emulgatoren
,base,E500,Natriumcarbonaat,,GROEN,Diverse additieven
,base,E500a,Natriumwaterstofcarbonaat,,GROEN,Diverse additieven
,base,E501,Kaliumcarbonaat,,GROEN,Diverse additieven
,base,E503,Ammoniumcarbonaat,,GROEN,Diverse additieven
,"base, anti-klontermiddel",E504,Magnesiumcarbonaat,,GROEN,Diverse additieven
,bron van ijzer,E505,IJzercarbonaat,,GROEN,Diverse additieven
,Natuurlijk zuur,E507,Zoutzuur,,ROOD,Diverse additieven
,zout,E508,Kaliumchloride,,ROOD,Diverse additieven
,metaalionen binder,E509,Calciumchloride,,ROOD,Diverse additieven
,"smaakstof, deegverbeteraar",E510,Ammoniumchloride,,ROOD,Diverse additieven
,verstevigingsmiddel,E511,Magnesiumchloride,,ORANJE,Diverse additieven
,Zuur,E513,Zwavelzuur,,ROOD,Diverse additieven
,zuur,E514,Natriumsulfaat,,ROOD,Diverse additieven
,zoutvervanger,E515,Kaliumsulfaat,,ROOD,Diverse additieven
,verstevigingsmiddel,E516,Calciumsulfaat,,ORANJE,Diverse additieven
,magnesium bron,E518,Magnesiumsulfaat,,ROOD,Diverse additieven
,verstevigingsmiddel,E520,Aluminiumsulfaat,,ROOD,Diverse additieven
,verstevigingsmiddel,E521,Aluminiumnatriumsulfaat,,ROOD,Diverse additieven
,rijsmiddel,E523,Aluminiumammoniumsulfaat,,ROOD,Diverse additieven
,base,E524,Natriumhydroxide,,ORANJE,Diverse additieven
,base,E525,Kaliumhydroxide,,ROOD,Diverse additieven
,base,E526,Calciumhydroxide,,ORANJE,Diverse additieven
,base,E527,Ammonia,,ORANJE,Diverse additieven
,base,E528,Magnesiumhydroxide,,ORANJE,Diverse additieven
,base,E529,Calciumoxide,,ORANJE,Diverse additieven
,"base, anti-klontermiddel",E530,Magnesiumoxide,,ORANJE,Diverse additieven
,anti-klontermiddel,E535,Natriumferrocyanide,,ORANJE,Diverse additieven
,anti-klontermiddel,E536,Kaliumferrocyanide,,ORANJE,Diverse additieven
,anti-klontermiddel,E537,Ferrohexacyanomanganaat,,ORANJE,Diverse additieven
,rijsmiddel,E540,Dicalciumdifosfaat,,ORANJE,Diverse additieven
,rijsmiddel,E541,Zuur natriumaluminiumfosfaat,,ROOD,Diverse additieven
,smeltzout,E541,Basisch natriumaluminiumfosfaat,,ROOD,Diverse additieven
,anti-klontermiddel,E542,Beendermeel,,ROOD,Diverse additieven
,Stabilisator,E543,Natriumcalciumpolyfosfaat,,ROOD,Diverse additieven
,Emulgator,E544,Calciumpolyfosfaat,,ROOD,Diverse additieven
,Emulgator,E545,Ammoniumpolyfosfaten,,ROOD,Diverse additieven
,emulgator,E546,Dimagnesiumdifosfaat,,ROOD,Diverse additieven
,anti-klontermiddel,E550,Natriumsilicaat,,ROOD,Diverse additieven
,anti-klontermiddel,E551,Siliciumdioxide,,GROEN,Diverse additieven
,anti-klontermiddel,E552,Calciumsilicaat,,ROOD,Diverse additieven
,anti-klontermiddel,E553a,Magnesiumsilicaat,,ROOD,Diverse additieven
,anti-klontermiddel,E553b,Talk,,ROOD,Diverse additieven
,anti-klontermiddel,E554,Natriumaluminiumsilicaat,,ROOD,Diverse additieven
,anti-klontermiddel,E555,Kaliumaluminiumsilicaat,,ROOD,Diverse additieven
,anti-klontermiddel,E556,Aluminiumcalciumsilicaat,,ROOD,Diverse additieven
,anti-klontermiddel,E557,Zinksilicaat,,ROOD,Diverse additieven
,anti-klontermiddel,E558,Bentoniet,,GROEN,Diverse additieven
,anti-klontermiddel,E559,Kaolien,,ORANJE,Diverse additieven
,anti-klontermiddel,E570,Stearinezuur,,GROEN,Diverse additieven
,anti-klontermiddel,E571,Ammoniumstearaat,,ROOD,Diverse additieven
,anti-klontermiddel,E572,Magnesiumstearaat,,ORANJE,Diverse additieven
,anti-klontermiddel,E573,Aluminiumstearaat,,ROOD,Diverse additieven
,metaalionen-binder,E574,Gluconzuur,,GROEN,Diverse additieven
,metaalionen-binder,E575,Glucono-delta-lacton,,GROEN,Diverse additieven
,metaalionen-binder,E576,Natriumgluconaat,,ORANJE,Diverse additieven
,metaalionen-binder,E577,Kaliumgluconaat,,ORANJE,Diverse additieven
,zuurteregelaar,E578,Calciumgluconaat,,GROEN,Diverse additieven
,ijzerbron,E579,IJzer gluconaat,,GROEN,Diverse additieven
,Stabilisator,E585,IJzer lactaat,,GROEN,Diverse additieven
Synthetisch,"Natuurlijk aminozuur, smaakversterker",E620,L-glutaminezuur,Sommige mensen kunnen er overgevoelig voor zijn (zie E621). Mag niet in babyvoeding (jonger dan 3 maanden) worden gebruikt.,ROOD,Smaakversterkers
Synthetisch,"Natuurlijk aminozuur, smaakversterker",E621,Natriumglutamaat,"Kan bij overgevoeligheid persoonlijkheidsveranderingen, woedeaanvallen, schizofrenie, apathie en gedragsstoornissen zoals hyperactiviteit veroorzaken. Mag niet in babyvoeding (jonger dan 3 maanden) worden gebruikt.",ROOD,Smaakversterkers
Synthetisch,Natuurlijk aminozuur smaakversterker,E622,Kaliumglutamaat,Vergelijkbaar met E621,ROOD,Smaakversterkers
Synthetisch,Natuurlijk aminozuur smaakversterker,E623,Calciumglutamaat,Vergelijkbaar met E621,ROOD,Smaakversterkers
Synthetisch,Natuurlijk aminozuur smaakversterker,E624,Ammoniumglutamaat,Vergelijkbaar met E621,ROOD,Smaakversterkers
Synthetisch,Natuurlijk aminozuur smaakversterker,E625,Magnesiumglutamaat,"Vergelijkbaar met E621, maar kan soms ook een kalmerende werking hebben",ROOD,Smaakversterkers
Natuurlijk,Smaakversterker,E626,Guanylzuur,Kan bij overgevoeligheid astmatische reacties of oedeemvorming veroorzaken. Verdacht van het veroorzaken van hyperactiviteit bij kinderen. Mag niet in babyvoeding (jonger dan 3 maanden) worden gebruikt.,ORANJE,Smaakversterkers
Natuurlijk,Smaakversterker,E627,Natriumguanylaat,Vergelijkbaar met E626. Vooral gewonnen uit gist,ROOD,Smaakversterkers
Natuurlijk,Smaakversterker,E628,Kaliumguanylaat,Vergelijkbaar met E626. Vooral gewonnen uit gist,ROOD,Smaakversterkers
Natuurlijk,Smaakversterker,E629,Calciumguanylaat,Vergelijkbaar met E626. Vooral gewonnen uit gist,ROOD,Smaakversterkers
Natuurlijk,Smaakversterker,E630,Inosinezuur,Vooral gewonnen uit vlees en sardines.,ROOD,Smaakversterkers
Natuurlijk,Smaakversterker,E631,Natriuminosinaat,Vooral gewonnen uit vlees en sardines.,ROOD,Smaakversterkers
Natuurlijk,Smaakversterker,E632,Kaliuminosinaat,Vooral gewonnen uit vlees en sardines.,ROOD,Smaakversterkers
Natuurlijk,Smaakversterker,E633,Calciuminosinaat,Vooral gewonnen uit vlees en sardines.,ROOD,Smaakversterkers
Natuurlijk,Smaakversterker,E635,Natrium-5'-ribonucleotide,Vooral gewonnen uit vlees en sardines.,ROOD,Smaakversterkers
Natuurlijk,Smaakversterker,E636,Maltol,Normaal gewonnen uit mout,ROOD,Smaakversterkers
Natuurlijk,Smaakversterker,E637,Ethylmaltol,,ROOD,Smaakversterkers
,,E640,Glycine,"Wordt gemaakt uit gelatine, dus uit botten",ROOD,Smaakversterkers
Synthetisch,Smaakversterker,E650,Zinkacetaat,,ORANJE,Smaakversterkers
De schimmel Streptomyces ambofaciens,Conserveermiddel,E710,Spiramycines,Een groep van antibiotica,ROOD,Conserveermiddelen
De schimmel Streptomyces fradiae,Conserveermiddel,E713,Tylosine,Een groep van antibiotica,ROOD,Conserveermiddelen
,anti-schuimmiddel,E900,Dimethylpolysiloxaan,,ROOD,"Anti-schuimmiddelen, glansmiddelen, deegverbeteraars, zoetstoffen"
Gemaakt door bijen,Natuurlijk glansmiddel,E901,Bijenwas,,GROEN,"Anti-schuimmiddelen, glansmiddelen, deegverbeteraars, zoetstoffen"
Uitscheidingsproduct van luizen.,Natuurlijk glansmiddel,E902,Candelillawas,,GROEN,"Anti-schuimmiddelen, glansmiddelen, deegverbeteraars, zoetstoffen"
,Natuurlijk glansmiddel,E903,Carnaubawas,,GROEN,"Anti-schuimmiddelen, glansmiddelen, deegverbeteraars, zoetstoffen"
,Glansmiddelen,E904,Shellac,,ORANJE,"Anti-schuimmiddelen, glansmiddelen, deegverbeteraars, zoetstoffen"
,Natuurlijk glansmiddel,E905,Minerale koolwaterstoffen,,ROOD,"Anti-schuimmiddelen, glansmiddelen, deegverbeteraars, zoetstoffen"
,Natuurlijk glansmiddel,E906,Benzoëgom,,ROOD,"Anti-schuimmiddelen, glansmiddelen, deegverbeteraars, zoetstoffen"
,Natuurlijk glansmiddel,E907,Paraffinewas,,ORANJE,"Anti-schuimmiddelen, glansmiddelen, deegverbeteraars, zoetstoffen"
,Natuurlijk glansmiddel,E908,Rijstkorrelwas,,ORANJE,"Anti-schuimmiddelen, glansmiddelen, deegverbeteraars, zoetstoffen"
,Natuurlijk glansmiddel,E912,Montaanzuur,Risico voor allergieën.,ROOD,"Anti-schuimmiddelen, glansmiddelen, deegverbeteraars, zoetstoffen"
Een vetachtig uitscheidingsproduct van schapen.,Natuurlijk glansmiddel,E913,Lanoline,,ORANJE,"Anti-schuimmiddelen, glansmiddelen, deegverbeteraars, zoetstoffen"
Synthetisch,Glansmiddel,E914,Polyethyleenwas,,ROOD,"Anti-schuimmiddelen, glansmiddelen, deegverbeteraars, zoetstoffen"
,Natuurlijk aminozuur,E915,Colofoniumesters,,ROOD,"Anti-schuimmiddelen, glansmiddelen, deegverbeteraars, zoetstoffen"
"Gewonnen uit eiwitten, vooral uit haren.",Natuurlijk aminozuur,E920,L-cysteïne,,GROEN,"Anti-schuimmiddelen, glansmiddelen, deegverbeteraars, zoetstoffen"
"Gewonnen uit eiwitten, vooral uit haren.",deegverbeteraar,E921,L-cystine,,GROEN,"Anti-schuimmiddelen, glansmiddelen, deegverbeteraars, zoetstoffen"
,deegverbeteraar,E922,Kaliumpersulfaat,,ROOD,"Anti-schuimmiddelen, glansmiddelen, deegverbeteraars, zoetstoffen"
,deegverbeteraar,E923,Ammoniumiumpersulfaat,,ROOD,"Anti-schuimmiddelen, glansmiddelen, deegverbeteraars, zoetstoffen"
,conserveermiddel,E924,Kaliumbromaat,,ROOD,"Anti-schuimmiddelen, glansmiddelen, deegverbeteraars, zoetstoffen"
,Bleekmiddel,E925,Chloor,,ROOD,"Anti-schuimmiddelen, glansmiddelen, deegverbeteraars, zoetstoffen"
,deegverbeteraar,E927,Azodicarbonamide,,ROOD,"Anti-schuimmiddelen, glansmiddelen, deegverbeteraars, zoetstoffen"
Natuurlijk,Stabilisator/Drijfgas,E927b,Carbamide,,GROEN,"Anti-schuimmiddelen, glansmiddelen, deegverbeteraars, zoetstoffen"
Natuurlijk,Stabilisator/Drijfgas,E938,Argon,,GROEN,"Anti-schuimmiddelen, glansmiddelen, deegverbeteraars, zoetstoffen"
Natuurlijk,Stabilisator/Drijfgas,E939,Helium,,GROEN,"Anti-schuimmiddelen, glansmiddelen, deegverbeteraars, zoetstoffen"
Natuurlijk,Stabilisator/Drijfgas,E941,Stikstof,,GROEN,"Anti-schuimmiddelen, glansmiddelen, deegverbeteraars, zoetstoffen"
Natuurlijk,Stabilisator/Drijfgas,E942,Stikstofoxidule,,GROEN,"Anti-schuimmiddelen, glansmiddelen, deegverbeteraars, zoetstoffen"
Petrochemisch,Drijfgas,E943a,Butaan,,ORANJE,"Anti-schuimmiddelen, glansmiddelen, deegverbeteraars, zoetstoffen"
Petrochemisch,Drijfgas,E943b,Isobutaan,,ORANJE,"Anti-schuimmiddelen, glansmiddelen, deegverbeteraars, zoetstoffen"
Petrochemisch,Drijfgas,E944,Propaan,,ORANJE,"Anti-schuimmiddelen, glansmiddelen, deegverbeteraars, zoetstoffen"
Natuurlijk,Drijfgas,E948,Zuurstof,,GROEN,"Anti-schuimmiddelen, glansmiddelen, deegverbeteraars, zoetstoffen"
Natuurlijk,Gas,E949,Waterstof,,GROEN,"Anti-schuimmiddelen, glansmiddelen, deegverbeteraars, zoetstoffen"
Synthetisch,Zoetstof,E950,Acesulfam K,,ROOD,"Anti-schuimmiddelen, glansmiddelen, deegverbeteraars, zoetstoffen"
Synthetisch,Zoetstof,E951,Aspartaam,,ROOD,"Anti-schuimmiddelen, glansmiddelen, deegverbeteraars, zoetstoffen"
Synthetisch,Zoetstof,E952,Cyclamaat,,ROOD,"Anti-schuimmiddelen, glansmiddelen, deegverbeteraars, zoetstoffen"
Synthetisch,Zoetstof,E953,Isomalt,Uit sacharose / via GM gemaakt,ROOD,"Anti-schuimmiddelen, glansmiddelen, deegverbeteraars, zoetstoffen"
Natuurlijk,Zoetstof,E954,Saccharine,,ROOD,"Anti-schuimmiddelen, glansmiddelen, deegverbeteraars, zoetstoffen"
Synthetisch,Zoetstof,E955,Sucralose,Bekend onder de naam Splenda.,ROOD,"Anti-schuimmiddelen, glansmiddelen, deegverbeteraars, zoetstoffen"
Eiwit uit tropische plant Thaumatococcus daniellii,Zoetstof,E957,Thaumatine,,ORANJE,"Anti-schuimmiddelen, glansmiddelen, deegverbeteraars, zoetstoffen"
,,E959,Neohesperidine,,GROEN,"Anti-schuimmiddelen, glansmiddelen, deegverbeteraars, zoetstoffen"
Natuurlijk,Zoetstof,E960,Stevia,"Steviolglycosiden, 300 x zoeter dan suiker",GROEN,"Anti-schuimmiddelen, glansmiddelen, deegverbeteraars, zoetstoffen"
Synthetisch,Zoetstof,E961,Neotaam,Tot 13000 keer zoeter dan suiker,ROOD,"Anti-schuimmiddelen, glansmiddelen, deegverbeteraars, zoetstoffen"
Synthetisch,Zoetstof,E962,Zout van Aspartaam,,ROOD,"Anti-schuimmiddelen, glansmiddelen, deegverbeteraars, zoetstoffen"
Synthetisch,,E965,Maltitol,Kan van GM-bron zijn,ORANJE,"Anti-schuimmiddelen, glansmiddelen, deegverbeteraars, zoetstoffen"
Gemaakt uit (koe)melksuiker,,E966,Lactitol,,ORANJE,"Anti-schuimmiddelen, glansmiddelen, deegverbeteraars, zoetstoffen"
Synthetisch,Zoetstof,E967,Xilitol,,ROOD,"Anti-schuimmiddelen, glansmiddelen, deegverbeteraars, zoetstoffen"
Natuurlijk,Zoetstof,E968,Erythritol,,ORANJE,"Anti-schuimmiddelen, glansmiddelen, deegverbeteraars, zoetstoffen"
Natuurlijk,Schuimverwekker,E999,Quillaja,,ORANJE,"Anti-schuimmiddelen, glansmiddelen, deegverbeteraars, zoetstoffen"
,verdikkingsmiddel,E1400,Dextrine,,ORANJE,Gemodificeerde zetmelen
,verdikkingsmiddel,E1401,Zuurbehandeld zetmeel,,ORANJE,Kleurstoffen
,verdikkingsmiddel,E1402,Loogbehandeld zetmeel,,ORANJE,Kleurstoffen
,verdikkingsmiddel,E1403,Gebleekt zetmeel,,ORANJE,Kleurstoffen
,verdikkingsmiddel,E1404,Geoxideerd zetmeel,Kan GM zijn of natuurlijk,ORANJE,Kleurstoffen
,verdikkingsmiddel,E1410,Monozetmeelfosfaat,,ORANJE,Kleurstoffen
,verdikkingsmiddel,E1411,Dizetmeelfosfaat,,ORANJE,Kleurstoffen
,verdikkingsmiddel,E1412,Dizetmeelfosfaat,,ORANJE,Kleurstoffen
